id,first_name,last_name,email,gender,phone_no,date_of_birth,no_concessions
1,Mart,Favell,mfavell0@phoca.cz,Male,693 180 5074,12/05/1966,7
2,Bogart,Wem,bwem1@networksolutions.com,Male,725 892 4383,20/02/1967,5
3,Cele,Jorio,cjorio2@princeton.edu,Female,480 987 0655,5/08/1978,3
4,Doralyn,Philbrook,dphilbrook3@washington.edu,Female,349 873 6344,4/09/2007,2
5,Lauren,Chopy,lchopy4@soundcloud.com,Male,264 421 4366,8/10/2006,7
6,Yetta,Gready,ygready5@godaddy.com,Female,339 910 2447,3/05/1976,9
7,Albertine,Fronek,afronek6@utexas.edu,Female,824 364 9012,19/01/1973,8
8,Kinna,Batteson,kbatteson7@blogger.com,Agender,871 812 0995,4/02/2001,10
9,Blondie,Elis,belis8@etsy.com,Female,769 623 7706,23/10/1983,8
10,Jaymie,Kleinpeltz,jkleinpeltz9@1und1.de,Male,175 912 5644,6/04/1995,9
11,Toddy,De la Zenne,tdelazennea@dedecms.com,Male,815 223 8361,5/10/1964,10
12,Karel,Collin,kcollinb@slate.com,Male,979 475 2880,7/10/1985,5
13,Camellia,Swatman,cswatmanc@uol.com.br,Female,806 640 6132,24/11/1989,3
14,Lou,Oates,loatesd@de.vu,Female,248 354 4222,28/09/1967,1
15,Margarette,Fowler,mfowlere@amazon.com,Genderfluid,188 847 0167,21/06/1978,7
16,Jacquenette,Grouen,jgrouenf@wikipedia.org,Female,632 728 7853,11/03/1995,3
17,Darryl,Tytherton,dtythertong@histats.com,Male,645 804 6218,30/12/1987,5
18,Edgardo,Catherall,ecatherallh@army.mil,Male,261 395 4674,10/06/2007,5
19,Charla,Stables,cstablesi@domainmarket.com,Female,408 556 1825,4/05/1974,8
20,Casey,Buxsey,cbuxseyj@google.nl,Male,310 843 7740,5/05/1985,1
21,Eden,Reeday,ereedayk@blogtalkradio.com,Female,523 958 1020,12/10/1986,6
22,Court,Coker,ccokerl@canalblog.com,Male,961 509 0331,26/02/1963,2
23,Robbi,Slator,rslatorm@cafepress.com,Female,371 530 0896,20/09/1981,1
24,Steven,Barby,sbarbyn@blogs.com,Male,121 899 0747,5/07/2005,10
25,Chanda,Strick,cstricko@omniture.com,Female,824 205 4156,16/08/1961,3
26,Paulie,Stiell,pstiellp@archive.org,Female,908 267 8577,10/10/1985,3
27,Tiler,Ingleson,tinglesonq@wikia.com,Male,744 924 6995,5/12/1969,7
28,Vikky,McOwen,vmcowenr@pen.io,Female,138 575 5204,2/05/1963,3
29,Cornall,Duligall,cduligalls@whitehouse.gov,Male,155 373 3007,12/03/1992,4
30,Rad,Jerschke,rjerschket@google.it,Bigender,634 227 8457,26/05/1977,4
31,Lizzy,Valance,lvalanceu@facebook.com,Female,785 193 6064,22/08/1971,9
32,Madlin,Osburn,mosburnv@miitbeian.gov.cn,Non-binary,855 598 0639,14/11/1968,3
33,Panchito,Giannassi,pgiannassiw@rakuten.co.jp,Male,111 351 0962,12/09/1998,7
34,Melba,Bodycomb,mbodycombx@yellowpages.com,Female,215 132 1710,13/03/1997,5
35,Fraser,Bichard,fbichardy@utexas.edu,Male,947 203 3773,27/05/1977,9
36,Kylie,Rounsivall,krounsivallz@boston.com,Male,985 844 3578,29/11/1997,7
37,Roseanna,Kocher,rkocher10@msn.com,Female,227 422 4410,28/12/1973,8
38,Consuelo,Thal,cthal11@hubpages.com,Female,823 449 7398,4/08/1993,5
39,Devina,Girth,dgirth12@qq.com,Female,713 848 8743,26/09/2004,8
40,Candie,Keiley,ckeiley13@sohu.com,Female,931 206 8843,26/12/1961,6
41,Giacopo,Hartell,ghartell14@mapy.cz,Male,209 153 2472,11/09/2007,8
42,Benedicta,Mattimoe,bmattimoe15@bandcamp.com,Genderfluid,771 595 9134,21/01/1994,1
43,Clyve,Drummer,cdrummer16@businessinsider.com,Male,600 219 9311,25/12/2001,9
44,Moise,Hargerie,mhargerie17@berkeley.edu,Male,160 485 2612,8/07/1975,5
45,Bucky,Blizard,bblizard18@rakuten.co.jp,Male,435 794 1681,15/01/2007,9
46,Dinny,Cucuzza,dcucuzza19@accuweather.com,Female,952 259 3117,3/08/1965,9
47,Nicol,Wringe,nwringe1a@123-reg.co.uk,Male,794 412 7790,28/06/1993,2
48,Chevalier,Vernau,cvernau1b@yellowbook.com,Polygender,762 501 3957,9/07/2003,1
49,Godfree,Greest,ggreest1c@prweb.com,Male,964 186 6637,16/06/1989,1
50,Alaster,Ambroziak,aambroziak1d@chronoengine.com,Male,339 649 1638,20/07/1967,10
51,Suzanna,Stones,sstones1e@cyberchimps.com,Bigender,397 286 0100,1/07/1971,2
52,Carlotta,Siddell,csiddell1f@com.com,Female,885 806 0119,3/06/1961,3
53,Vinnie,Dosdale,vdosdale1g@infoseek.co.jp,Male,973 311 1758,2/12/1987,6
54,Ervin,Vautin,evautin1h@wikipedia.org,Male,416 623 4418,15/01/2001,5
55,Alfonse,Zorzi,azorzi1i@ocn.ne.jp,Male,864 259 3887,23/04/1984,6
56,Morten,Evered,mevered1j@google.ca,Male,759 396 9747,1/09/1978,9
57,Minni,Chazotte,mchazotte1k@home.pl,Female,204 803 4735,15/08/1964,9
58,Katti,Monteith,kmonteith1l@craigslist.org,Female,806 497 0453,4/02/1981,1
59,Bonni,Flanigan,bflanigan1m@last.fm,Female,841 911 2674,19/03/2003,8
60,Wendall,McIlroy,wmcilroy1n@google.co.jp,Male,814 476 6751,1/10/1968,1
61,Zedekiah,Keating,zkeating1o@rambler.ru,Male,317 805 6196,4/06/1992,3
62,Frankie,Olle,folle1p@newyorker.com,Bigender,726 908 2680,27/08/1995,6
63,Pooh,Dohrmann,pdohrmann1q@wikipedia.org,Male,290 716 7214,5/05/2007,5
64,Janka,Kettlesting,jkettlesting1r@wiley.com,Female,469 568 0466,6/11/2005,3
65,Willey,Hedan,whedan1s@phpbb.com,Male,305 317 1282,9/03/1973,10
66,Nels,McIlvenna,nmcilvenna1t@wp.com,Male,362 900 2817,25/06/1970,1
67,Rab,Ferrieroi,rferrieroi1u@miibeian.gov.cn,Polygender,720 182 9781,26/07/2000,2
68,Fransisco,Lambdin,flambdin1v@europa.eu,Male,846 454 9454,2/02/2001,8
69,Anett,Bullas,abullas1w@digg.com,Female,961 301 2746,11/07/1962,8
70,Pearce,Attenborrow,pattenborrow1x@illinois.edu,Male,114 836 8373,4/01/1994,9
71,Uriah,Guilliatt,uguilliatt1y@yellowbook.com,Male,329 717 9518,23/05/1971,2
72,Cirillo,Livezley,clivezley1z@goo.gl,Male,357 820 2058,27/08/2006,5
73,Jacklyn,Menat,jmenat20@vimeo.com,Female,590 487 5436,25/02/1986,10
74,Lora,Tibbles,ltibbles21@delicious.com,Female,975 116 9898,5/02/1962,7
75,Bartolemo,Coneybeare,bconeybeare22@earthlink.net,Male,306 842 8684,10/09/1980,5
76,Franny,Iacovozzo,fiacovozzo23@creativecommons.org,Female,153 574 5951,11/09/2000,8
77,Amy,Kitching,akitching24@bandcamp.com,Female,168 420 3912,17/05/1988,6
78,Helaina,Eagell,heagell25@over-blog.com,Agender,609 254 6484,3/04/1969,8
79,Felipe,Macro,fmacro26@patch.com,Male,476 118 6848,19/06/2004,10
80,Jabez,Godbolt,jgodbolt27@yahoo.co.jp,Male,969 265 0774,30/03/1975,5
81,Ransell,Attwoul,rattwoul28@businesswire.com,Male,789 851 6810,25/10/1981,2
82,Yolande,Fetter,yfetter29@livejournal.com,Female,583 814 3213,20/01/1985,5
83,Aliza,Pinard,apinard2a@dropbox.com,Female,970 931 2024,22/07/1978,1
84,Eula,Neno,eneno2b@1688.com,Female,332 290 7351,22/09/1976,2
85,Koressa,Rospars,krospars2c@hibu.com,Female,769 855 4454,9/06/1976,7
86,Tori,Greenhouse,tgreenhouse2d@hatena.ne.jp,Bigender,592 233 9624,25/01/1968,9
87,Yehudi,McGrory,ymcgrory2e@seesaa.net,Male,304 862 1426,23/09/1992,8
88,Pamella,Cliburn,pcliburn2f@xing.com,Female,292 911 1497,21/04/1986,9
89,Roma,Ludvigsen,rludvigsen2g@wisc.edu,Male,702 878 9354,12/03/2006,7
90,Arlinda,Wingatt,awingatt2h@netscape.com,Female,758 686 5462,30/09/1990,7
91,Cary,Hathwood,chathwood2i@imdb.com,Male,633 449 8609,25/09/1981,9
92,Norean,Rate,nrate2j@pinterest.com,Genderqueer,845 234 4798,23/08/1969,2
93,Friederike,Pamplin,fpamplin2k@gmpg.org,Female,316 532 6154,20/07/2007,8
94,Maren,McGerr,mmcgerr2l@washington.edu,Female,806 968 6922,13/01/1961,8
95,Mella,Sargerson,msargerson2m@goo.gl,Female,973 396 0121,18/11/1999,7
96,Cecilio,Cockran,ccockran2n@seattletimes.com,Male,920 293 2477,20/05/1964,5
97,Sydelle,Giercke,sgiercke2o@pcworld.com,Female,515 171 5754,24/04/1988,1
98,Price,Gerardeaux,pgerardeaux2p@youtu.be,Male,693 523 6659,28/11/1986,2
99,Perry,Fortie,pfortie2q@cnn.com,Female,828 637 9109,6/06/1998,9
100,Kirk,Vassel,kvassel2r@alexa.com,Male,677 514 1471,16/10/1967,8
